project_name,queue_position,proposed_online_date,current_online_date,fuel_types,delay_days
WHALE ROCK ENERGY,1749,2024-12-31 08:00:00,2031-04-27 07:00:00,Battery,2307
WINDY WASH SOLAR,1528,2021-06-30 07:00:00,2022-12-31 08:00:00,Solar,549
BATERIA DEL SUR,1531,2022-05-01 07:00:00,2025-06-30 07:00:00,Battery,1156
TAYLOR STORAGE,2182,2025-11-01 07:00:00,2029-12-01 08:00:00,Battery,1491
KOLA,1275,2020-12-01 08:00:00,2025-06-15 07:00:00,Battery,1656
JUGLANS ENERGY STORAGE,1847,2024-06-30 07:00:00,2031-02-02 08:00:00,Battery,2408
VELAS,1867,2024-11-01 07:00:00,2031-08-18 07:00:00,Battery,2481
COMMANDER ENERGY STORAGE,1874,2024-08-01 07:00:00,2032-07-19 07:00:00,Battery,2909
CAZADORES STORAGE,1929,2024-10-31 07:00:00,2032-08-19 07:00:00,Battery,2849
ROSAMOND SOUTH EAST,1211,2018-06-30 07:00:00,2025-05-15 07:00:00,Solar/Battery,2511
CYCLONE SOLAR,1327,2019-07-01 07:00:00,2025-05-15 07:00:00,Solar/Battery,2145
JAGUAR ENERGY STORAGE,1877,2024-08-01 07:00:00,2034-01-18 08:00:00,Battery,3457
TOWNSHIP EXPANSION,2195,2024-06-01 07:00:00,2024-06-01 07:00:00,Battery,0
LEAD,1713,2023-08-01 07:00:00,2025-08-01 07:00:00,Battery,731
"WELLHEAD POWER PANOCHE, LLC",1828,2021-04-01 07:00:00,2021-04-01 07:00:00,Battery,0
TAMALPAIS ENERGY STORAGE,1837,2025-06-01 07:00:00,2030-06-18 07:00:00,Battery,1843
BOREALIS ENERGY STORAGE,1838,2025-06-01 07:00:00,2030-06-18 07:00:00,Battery,1843
CALLINAN SOLAR AND STORAGE,1992,2025-10-01 07:00:00,2031-02-18 08:00:00,Battery/Solar,1966
ISLAY,1998,2028-04-01 07:00:00,2034-08-16 07:00:00,Battery/Wind Turbine,2328
GRINDSTONE CREEK SOLAR,1858,2024-08-31 07:00:00,2031-07-19 07:00:00,Solar,2513
STONY CREEK STORAGE,1863,2024-08-31 07:00:00,2031-07-19 07:00:00,Battery,2513
ULTRAPOWER CHINESE STATION BESS,1116,2017-03-31 07:00:00,2025-06-01 07:00:00,Battery,2984
CASCADE ENERGY STORAGE EXPANSION,1835,2022-12-01 08:00:00,2024-10-02 07:00:00,Battery,670
ETERNAL 2,2050,2026-12-01 08:00:00,2031-11-26 08:00:00,Pumped-Storage hydro/Battery,1821
RANGELAND SOLAR,2080,2024-10-30 07:00:00,2033-08-26 07:00:00,Solar/Battery,3222
TEPONA OFF-SHORE WIND,1491,2024-10-01 07:00:00,2034-10-01 07:00:00,Wind Turbine,3652
VOLTA DE MEXICALI,1664,2021-12-31 08:00:00,2035-03-10 08:00:00,Battery,4817
LAS CAMAS 4,1960,2025-05-07 07:00:00,2028-04-01 07:00:00,Battery,1060
FOUR CREEKS ENERGY STORAGE,2058,2025-06-01 07:00:00,2030-07-01 07:00:00,Battery,1856
TOWER 1 ENERGY STORAGE,2165,2025-06-01 07:00:00,2029-02-05 08:00:00,Battery,1345
AMBERJACK ENERGY STORAGE,2184,2024-11-30 08:00:00,2034-02-05 08:00:00,Battery,3354
DAGGETT SOLAR 1,1312,2020-06-30 07:00:00,2025-06-01 07:00:00,Battery,1797
OTROS ALAMITOS ENERGY STORAGE,2127,2025-10-30 07:00:00,2031-08-26 07:00:00,Battery,2126
AQUEDUCT ENERGY STORAGE ,1683,2023-12-31 08:00:00,2026-04-30 07:00:00,Battery,850
MIDLAND ES,1831,2024-11-01 07:00:00,2032-03-01 08:00:00,Battery,2677
GENOA ENERGY STORAGE,1840,2024-08-01 07:00:00,2031-12-19 08:00:00,Battery,2696
ANDROMEDA,2013,2026-12-31 08:00:00,2029-04-10 07:00:00,Battery/Solar,830
POME BESS,1669,2023-05-31 07:00:00,2025-05-06 07:00:00,Battery,706
MONTEZUMA (HIGH WINDS III),22,2005-06-30 07:00:00,2024-04-01 07:00:00,Wind Turbine/Battery,6850
TULE WIND,32,2007-09-01 07:00:00,2030-10-31 07:00:00,Wind Turbine/Battery,8461
MIDWAY PEAKING,54,2008-06-01 07:00:00,2027-06-30 07:00:00,Natural Gas/Battery,6968
FRESNO COGENERATION EXPANSION PROJECT,61,2006-05-31 07:00:00,2023-02-28 08:00:00,Natural Gas/Battery,6117
LAKE ELSINORE ADVANCED PUMPED STORAGE PROJECT,72,2008-12-31 08:00:00,2028-12-31 08:00:00,Pumped-Storage hydro,7305
BOTTLE ROCK POWER,81,2006-09-01 07:00:00,2027-11-30 08:00:00,Geothermal/Battery,7760
CPC WEST,96,2009-12-31 08:00:00,2025-06-05 07:00:00,Wind Turbine/Battery,5634
WINDSTAR I ALTERNATE,100,2007-12-31 08:00:00,2030-10-15 07:00:00,Wind Turbine/Battery,8323
SILVER RIDGE MOUNT SIGNAL,124,2011-03-01 08:00:00,2027-06-01 07:00:00,Solar/Battery,5935
SANDSTORM WIND POWER ,138,2008-12-31 08:00:00,2030-02-01 08:00:00,Wind Turbine/Battery,7702
MONTEZUMA II,222,2010-12-31 08:00:00,2012-01-29 08:00:00,Wind Turbine/Battery,394
TRACY COMBINED-CYCLE POWER PLANT,268,2012-06-01 07:00:00,2027-04-28 07:00:00,Natural Gas/Battery,5444
AMERICAN KINGS SOLAR,272,2012-06-01 07:00:00,2025-12-30 08:00:00,Solar/Battery,4960
ALTA VISTA SUNTOWER GENERATING STATION,297,2009-12-01 08:00:00,2027-12-11 08:00:00,Solar/Battery,6584
LOS ESTEROS CRITICAL ENERGY FACILITY EXPANSION,378,2011-06-01 07:00:00,2023-09-01 07:00:00,Natural Gas/Battery,4475
OCOTILLO EXPRESS,493,2013-12-31 08:00:00,2030-05-31 07:00:00,Wind Turbine/Battery,5994
ROSAMOND WEST SOLAR,506,2015-07-31 07:00:00,2029-03-31 07:00:00,Solar/Battery,4992
CROW CREEK SOLAR 1 (FKA: FRONTIER SOLAR 1) (FKA AS SCATEC WESTSIDE SOLAR RANCH I AND STANISLAUS PV - PHASE 1),539,2012-10-31 07:00:00,2025-04-01 07:00:00,Solar/Battery,4535
KETTLEMAN SOLAR PROJECT (FKA KETTLEMAN SOLAR FARM),625,2011-12-31 08:00:00,2025-04-01 07:00:00,Solar/Battery,4839
PUMPJACK SOLAR I (AKA PIONEER SOLAR I),653B,2013-05-01 07:00:00,2027-06-01 07:00:00,Solar/Battery,5144
EXCELSIOR SOLAR (FKA: BURFORD FIVE POINTS),678,2013-09-05 07:00:00,2024-12-20 08:00:00,Solar/Battery,4124
LASSEN LODGE HYDROELECTRIC,720,2012-12-15 08:00:00,2027-10-15 07:00:00,Water,5416
REDWOOD SOLAR FARM,744,2014-07-01 07:00:00,2024-07-01 07:00:00,Solar,3653
BIG SKY SOLAR,768,2014-12-31 08:00:00,2023-01-31 08:00:00,Solar/Battery,2953
WRIGHT SOLAR,779,2014-01-06 08:00:00,2026-03-30 07:00:00,Solar/Battery,4465
RIO BRAVO SOLAR 1,900,2014-12-20 08:00:00,2027-06-30 07:00:00,Solar/Battery,4574
RIO BRAVO SOLAR 2,972,2016-12-31 08:00:00,2027-07-30 07:00:00,Solar/Battery,3862
SUNSHINE VALLEY SOLAR 1,993,2016-12-31 08:00:00,2026-12-31 08:00:00,Solar/Battery,3652
LASSEN LODGE HYDROELECTRIC 2,1002,2015-11-15 08:00:00,2027-10-15 07:00:00,Water,4351
LITTLE BEAR SOLAR 1,1028,2016-12-01 08:00:00,2029-02-01 08:00:00,Solar/Battery,4445
LITTLE BEAR SOLAR 2,1029,2018-09-01 07:00:00,2029-02-01 08:00:00,Solar/Battery,3806
CHULA VISTA ENERGY CENTER 2,1045,2019-11-01 07:00:00,2026-03-13 07:00:00,Battery,2324
NORTH JOHNSON ENERGY CENTER,1047,2019-11-01 07:00:00,2026-03-13 07:00:00,Battery,2324
ESCONDIDO ENERGY CENTER 2,1048,2019-11-01 07:00:00,2027-06-01 07:00:00,Battery,2769
WHITE WING RANCH SOLAR,1062,2018-12-31 08:00:00,2026-06-01 07:00:00,Solar/Battery,2708
ARES NEVADA ,1064,2017-01-01 08:00:00,2027-01-08 08:00:00,Gravity via Rail,3659
GASKELL WEST,1074,2016-06-30 07:00:00,2026-12-02 08:00:00,Solar/Battery,3807
WILLOW SPRINGS SOLAR 3,1076,2017-06-30 07:00:00,2026-06-01 07:00:00,Battery,3258
ALTAMONT MIDWAY LTD,1096,2015-08-31 07:00:00,2027-04-28 07:00:00,Wind Turbine,4258
FOUNTAIN WIND,1106,2020-10-15 07:00:00,2027-09-15 07:00:00,Wind Turbine,2526
LITTLE BEAR 3,1127,2020-08-01 07:00:00,2029-02-02 08:00:00,Solar/Battery,3107
LITTLE BEAR 4,1128,2020-12-01 08:00:00,2029-02-02 08:00:00,Solar/Battery,2985
LUNA VALLEY SOLAR,1129,2018-12-31 08:00:00,2028-12-29 08:00:00,Solar/Battery,3651
SCARLET,1135,2018-12-31 08:00:00,2025-12-23 08:00:00,Solar/Battery,2549
LAKE ALPAUGH BATTERY STORAGE,1143,2017-12-31 08:00:00,2025-11-15 08:00:00,Battery,2876
BIG ROCK SOLAR FARM,1166,2020-06-01 07:00:00,2025-04-30 07:00:00,Battery,1794
FALLBROOK ENERGY STORAGE,1169,2020-02-01 08:00:00,2025-07-15 07:00:00,Battery,1990
LECONTE ENERGY STORAGE,1175,2018-09-01 07:00:00,2026-06-01 07:00:00,Battery,2830
ARATINA SOLAR CENTER 1,1204,2020-06-01 07:00:00,2026-06-01 07:00:00,Solar/Battery,2191
SIENNA SOLAR FARM,1207,2020-06-01 07:00:00,2027-01-28 08:00:00,Solar/Battery,2432
ANTELOPE SOLAR 2,1208,2018-12-31 08:00:00,2025-11-27 08:00:00,Battery/Solar,2523
GOLDEN FIELDS SOLAR,1212,2018-06-30 07:00:00,2026-12-01 08:00:00,Battery,3076
WILLOW SPRINGS SOLAR 4,1217,2019-12-31 08:00:00,2026-06-01 07:00:00,Battery,2343
AGUA CALIENTE SOLAR 2,1222,2016-12-01 08:00:00,2016-12-01 08:00:00,Solar,0
DAYLIGHT,1223,2020-12-31 08:00:00,2028-01-19 08:00:00,Solar/Battery,2575
PLUOT,1242,2023-04-05 07:00:00,2026-06-30 07:00:00,Solar/Battery,1182
POMEGRANATE,1243,2022-04-06 07:00:00,2025-12-20 08:00:00,Solar/Battery,1354
KYAN SOLAR,1260,2020-10-14 07:00:00,2027-03-02 08:00:00,Solar,2330
CORBY,1270,2020-12-01 08:00:00,2027-06-01 07:00:00,Battery,2372
MULQUEENEY RANCH WIND,1277,2020-03-01 08:00:00,2026-06-01 07:00:00,Wind Turbine,2282
DAGGETT SOLAR 3,1314,2020-06-30 07:00:00,2023-08-06 07:00:00,Solar/Battery,1132
SOLAR STAR 3,1322,2021-12-31 08:00:00,2025-09-29 07:00:00,Battery/Solar,1367
SOLAR STAR 4,1323,2021-12-31 08:00:00,2025-10-30 07:00:00,Battery/Solar,1398
PASTORIA SOLAR,1335,2019-09-01 07:00:00,2026-12-01 08:00:00,Solar/Battery,2648
TAHOE,1339,2019-07-31 07:00:00,2026-05-01 07:00:00,Battery,2466
ROCCASECCA BESS,1347,2019-07-31 07:00:00,2026-10-01 07:00:00,Battery,2619
ARAMIS POWER PLANT,1349,2020-12-31 08:00:00,2026-07-31 07:00:00,Solar/Battery,2037
SAND HILL C,1363,2019-12-31 08:00:00,2027-04-28 07:00:00,Wind Turbine,2674
GONZAGA WIND FARM,1378,2020-10-09 07:00:00,2026-03-31 07:00:00,Wind Turbine,1999
HEARTLAND 1,1379,2021-09-01 07:00:00,2028-06-30 07:00:00,Solar,2494
HEARTLAND 2,1380,2021-09-01 07:00:00,2028-06-30 07:00:00,Solar,2494
LAS CAMAS 1,1382,2021-11-30 08:00:00,2027-12-31 08:00:00,Solar/Battery,2222
REDUX SOLAR,1389,2020-12-30 08:00:00,2026-06-01 07:00:00,Solar/Battery,1978
SONRISA,1391,2021-11-30 08:00:00,2026-12-31 08:00:00,Solar/Battery,1857
DRIFTWOOD STELLA,1394,2021-11-30 08:00:00,2026-11-01 07:00:00,Solar/Battery,1796
SANDRINI SOL 1,1397,2021-11-30 08:00:00,2025-12-31 08:00:00,Solar/Battery,1492
ATLAS COMPLEX,1402,2020-12-31 08:00:00,2026-01-01 08:00:00,Battery/Solar,1827
ATHOS POWER PLANT,1405,2020-12-31 08:00:00,2026-04-17 07:00:00,Solar/Battery,1932
BALDY MESA,1413,2020-12-31 08:00:00,2025-02-03 08:00:00,Battery/Solar,1495
CAMINO SOLAR,1419,2020-08-15 07:00:00,2027-12-31 08:00:00,Solar/Battery,2694
MOUNT LAGUNA WIND 2,1429,2020-06-01 07:00:00,2031-02-05 08:00:00,Wind Turbine,3901
STARLIGHT SOLAR,1432,2020-06-01 07:00:00,2026-05-01 07:00:00,Solar/Battery,2160
IRONWOOD SOLAR,1435,2020-12-31 08:00:00,2026-03-06 08:00:00,Solar/Battery,1891
AJO POWER BANK,1442,2020-12-01 08:00:00,2028-01-01 08:00:00,Battery,2587
ANGELA,1443,2021-11-30 08:00:00,2025-12-15 08:00:00,Solar/Battery,1476
SALOON ENERGY STORAGE,1444,2022-12-01 08:00:00,2027-07-13 07:00:00,Battery,1684
HUMMINGBIRD ENERGY STORAGE,1454,2020-12-31 08:00:00,2025-09-25 07:00:00,Battery,1728
JANUS,1455,2021-12-31 08:00:00,2026-06-01 07:00:00,Battery/Solar,1612
LAS CAMAS 3,1456,2022-11-30 08:00:00,2027-12-31 08:00:00,Solar/Battery,1857
MILPA POWER BANK,1457,2020-12-01 08:00:00,2025-04-29 07:00:00,Battery,1609
MULQUEENEY RANCH WIND 2,1459,2021-12-15 08:00:00,2026-06-01 07:00:00,Wind Turbine,1628
RECLAIMED WIND,1461,2020-12-31 08:00:00,2026-12-01 08:00:00,Battery,2161
SOLANO 4 WIND,1463,2023-03-31 07:00:00,2025-05-31 07:00:00,Wind Turbine,792
KEY STORAGE 1,1479,2022-12-01 08:00:00,2026-10-01 07:00:00,Battery,1399
AZALEA,1493,2022-11-01 07:00:00,2025-09-12 07:00:00,Solar/Battery,1046
CHALAN SOLAR,1495,2021-12-01 08:00:00,2026-04-12 07:00:00,Battery/Solar,1592
DESCENDANT RANCH 1,1496,2023-12-01 08:00:00,2034-02-27 08:00:00,Battery/Solar,3741
JASMINE,1499,2022-11-01 07:00:00,2026-08-31 07:00:00,Solar/Battery,1399
PROSPECT ENERGY STORAGE,1507,2022-06-01 07:00:00,2028-06-01 07:00:00,Battery,2192
BELLEFIELD SOLAR FARM,1510,2022-10-01 07:00:00,2025-08-01 07:00:00,Solar/Battery,1035
REXFORD SOLAR FARM,1516,2022-10-01 07:00:00,2024-12-20 08:00:00,Solar/Battery,811
SANBORN SOLAR 2,1518,2022-12-31 08:00:00,2025-10-01 07:00:00,Solar/Battery,1004
BALDY MESA 2,1519,2021-12-15 08:00:00,2025-02-03 08:00:00,Solar/Battery,1146
ARIDA SOLAR FARM,1522,2022-10-01 07:00:00,2027-09-15 07:00:00,Battery/Solar,1810
CENTENNIAL FLATS,1529,2022-12-15 08:00:00,2026-02-28 08:00:00,Solar/Battery,1171
KETTLE SOLAR ONE,1532,2020-12-01 08:00:00,2026-10-31 07:00:00,Solar/Battery,2159
VULCAN,1534,2021-05-01 07:00:00,2027-12-31 08:00:00,Battery/Solar,2435
IRVING STORAGE,1539,2022-12-01 08:00:00,2025-11-30 08:00:00,Battery,1095
TANAGER STORAGE,1550,2023-06-30 07:00:00,2025-04-01 07:00:00,Battery,641
CORMORANT STORAGE,1552,2023-06-30 07:00:00,2027-04-15 07:00:00,Battery,1385
JEWELFLOWER STORAGE,1553,2022-12-31 08:00:00,2029-03-28 07:00:00,Battery,2278
NOOSA ENERGY STORAGE,1557,2022-12-16 08:00:00,2029-04-16 07:00:00,Battery,2312
DYNAMO SOLAR,1565,2023-06-30 07:00:00,2025-11-21 08:00:00,Solar,875
AIR STATION 1,1568,2021-12-31 08:00:00,2021-12-31 08:00:00,Solar/Battery,0
KINGSROAD HYBRID SOLAR,1587,2023-11-30 08:00:00,2026-01-15 08:00:00,Battery/Solar,777
PELICANS JAW HYBRID SOLAR,1593,2022-11-30 08:00:00,2028-01-24 08:00:00,Battery/Solar,1881
BUTTONBUSH SOLAR HYBRID ENERGY CENTER,1596,2025-11-01 07:00:00,2026-12-01 08:00:00,Battery/Solar,395
ARATINA SOLAR CENTER 2,1604,2022-06-01 07:00:00,2026-07-01 07:00:00,Battery/Solar,1491
AVOCET STORAGE,1608,2023-06-30 07:00:00,2026-04-15 07:00:00,Battery,1020
COMMERCE ENERGY STORAGE,1611,2023-01-01 08:00:00,2026-06-01 07:00:00,Battery,1246
KESTREL STORAGE,1615,2023-06-30 07:00:00,2027-02-28 08:00:00,Battery,1339
LOCKHART SOLAR 2,1617,2022-12-01 08:00:00,2026-04-01 07:00:00,Battery/Solar,1216
GOLDBACK SOLAR CENTER,1619,2023-06-01 07:00:00,2026-03-31 07:00:00,Battery,1034
ANGELENO SOLAR FARM,1625,2023-06-01 07:00:00,2028-12-31 08:00:00,Battery/Solar,2040
HUMIDOR STORAGE 1,1629,2021-12-01 08:00:00,2025-08-01 07:00:00,Battery,1338
BELLEFIELD 2 SOLAR FARM,1631,2022-10-01 07:00:00,2024-09-01 07:00:00,Battery/Solar,701
SANBORN HYBRID 3,1632,2023-12-01 08:00:00,2026-07-01 07:00:00,Battery/Solar,942
CALYPSO SOLAR,1636,2023-12-01 08:00:00,2031-10-28 07:00:00,Battery/Solar,2887
OBERON,1642,2022-12-31 08:00:00,2026-04-15 07:00:00,Battery/Solar,1200
LYCAN SOLAR,1643,2023-12-01 08:00:00,2030-04-01 07:00:00,Solar/Battery,2312
MENIFEE POWER BANK,1645,2022-12-01 08:00:00,2025-10-01 07:00:00,Battery,1034
DOUBLE BUTTE STORAGE,1646,2022-12-31 08:00:00,2030-07-01 07:00:00,Battery,2738
ARIDA 2 SOLAR FARM,1647,2022-10-01 07:00:00,2029-05-31 07:00:00,Battery/Solar,2434
BONANZA SOLAR,1649,2023-12-01 08:00:00,2028-09-30 07:00:00,Battery/Solar,1764
ROUGH HAT HYBRID SOLAR,1650,2022-11-30 08:00:00,2028-07-31 07:00:00,Solar/Battery,2069
YELLOW PINE 3,1654,2025-03-15 07:00:00,2027-12-31 08:00:00,Solar/Battery,1021
BONANZA PEAK SOLAR FARM,1655,2022-12-16 08:00:00,2027-12-31 08:00:00,Battery/Solar,1841
SANDPIPER STORAGE,1657,2023-06-30 07:00:00,2026-04-15 07:00:00,Battery,1020
CIMARRON WIND,1660,2023-12-31 08:00:00,2025-12-31 08:00:00,Wind Turbine,731
VENTASSO ENERGY STORAGE,1662,2022-11-30 08:00:00,2025-11-30 08:00:00,Battery,1096
HOODINI,1663,2023-05-31 07:00:00,2028-01-31 08:00:00,Battery/Solar,1706
KINGSLEY SOLAR FARM,1665,2023-06-01 07:00:00,2030-01-31 08:00:00,Battery/Solar,2436
SUNRISE BUTTE,1667,2022-12-31 08:00:00,2029-11-18 08:00:00,Solar/Battery,2514
NIGHTHAWK STORAGE,1673,2023-06-30 07:00:00,2026-03-01 08:00:00,Battery,975
HARQUAHALA SUNRISE,1678,2022-04-01 07:00:00,2030-04-01 07:00:00,Battery/Solar,2922
CONAWAY HYBRID POWER PLANT,1687,2023-01-01 08:00:00,2023-01-01 08:00:00,Battery/Solar,0
DENALI ENERGY STORAGE,1690,2023-06-15 07:00:00,2028-09-30 07:00:00,Battery,1934
POTENTIA-VIRIDI,1702,2024-12-15 08:00:00,2028-05-11 07:00:00,Wind Turbine/Solar/Battery,1242
STEEL CITY BATTERY STORAGE,1705,2025-06-30 07:00:00,2029-03-01 08:00:00,Battery,1340
ROSEMARY,1709,2023-12-01 08:00:00,2028-04-30 07:00:00,Solar/Battery,1611
GONZAGA HYBRID,1718,2024-07-01 07:00:00,2026-03-31 07:00:00,Battery/Wind Turbine,638
ZETA,1728,2023-12-01 08:00:00,2027-05-26 07:00:00,Battery/Solar,1271
HAWKINS SOLAR HYBRID,1736,2024-04-01 07:00:00,2027-05-01 07:00:00,Solar/Battery,1125
CRYSTAL FLATS ,1744,2023-10-31 07:00:00,2030-12-26 08:00:00,Solar/Battery,2613
SUNRISE POWER IMPROVEMENT,1745,2023-06-01 07:00:00,2024-05-11 07:00:00,Natural Gas,345
WINDWALKER OFFSHORE,1750,2027-03-31 07:00:00,2028-02-12 08:00:00,Wind Turbine,318
WINSTON HYBRID PV AND BESS,1751,2025-03-01 08:00:00,2028-12-10 08:00:00,Battery/Solar,1380
COBALT,1757,2023-10-31 07:00:00,2027-05-31 07:00:00,Battery/Solar,1308
DESERT SANDS,1758,2024-11-30 08:00:00,2035-03-31 07:00:00,Battery,3772
GRACE ENERGY CENTER,1761,2024-11-30 08:00:00,2027-01-13 08:00:00,Solar/Battery,774
PORTA,1763,2024-12-15 08:00:00,2029-01-31 08:00:00,Battery/Solar/Wind Turbine,1508
SAPPHIRE SOLAR,1764,2024-12-01 08:00:00,2034-12-31 08:00:00,Battery/Solar,3682
COMMERCE ENERGY STORAGE 2,1766,2023-12-01 08:00:00,2026-03-15 07:00:00,Battery,834
ROADHOUSE STORAGE,1768,2024-11-30 08:00:00,2027-06-12 07:00:00,Battery,923
OVERNIGHT SOLAR,1774,2024-10-31 07:00:00,2027-05-01 07:00:00,Solar/Battery,912
SEGS EXPANSION 2 HYBRID,1775,2023-12-15 08:00:00,2026-11-02 08:00:00,Battery/Solar,1053
VENTOSO,1776,2024-12-15 08:00:00,2027-10-01 07:00:00,Wind Turbine/Solar/Battery,1019
BELLEFIELD 3 SOLAR FARM,1779,2023-04-01 07:00:00,2027-04-01 07:00:00,Battery/Solar,1461
WILLOW ROCK ENERGY STORAGE,1782,2023-06-01 07:00:00,2028-03-31 07:00:00,Battery/Other,1765
SHOALS ENERGY STORAGE,1783,2023-07-01 07:00:00,2030-10-08 07:00:00,Battery,2656
KEYHOLE WIND,1784,2024-12-01 08:00:00,2028-06-28 07:00:00,Wind Turbine,1304
REXFORD 2 SOLAR FARM,1789,2023-04-01 07:00:00,2027-07-01 07:00:00,Battery/Solar,1552
SANBORN HYBRID 4,1790,2022-12-15 08:00:00,2025-10-01 07:00:00,Battery/Solar,1020
SANBORN 5 HYBRID,1791,2024-12-15 08:00:00,2027-03-31 07:00:00,Solar,835
SEQUOIA,1792,2023-10-31 07:00:00,2031-04-01 07:00:00,Battery/Solar,2709
ARIDA 3 SOLAR FARM,1795,2025-04-01 07:00:00,2030-07-01 07:00:00,Battery/Solar,1917
DELAMAR ENERGY STORAGE,1796,2024-08-01 07:00:00,2027-06-01 07:00:00,Battery,1034
CALVADA SPRINGS SOLAR,1798,2022-12-16 08:00:00,2027-12-31 08:00:00,Solar/Battery,1841
ROUGH HAT 2,1799,2024-09-30 07:00:00,2027-12-01 08:00:00,Battery/Solar,1157
PURPLE SAGE ENERGY CENTER,1800,2024-12-31 08:00:00,2026-12-01 08:00:00,Battery/Solar,700
WATER ROCK SOLAR 1,1801,2025-12-01 08:00:00,2027-12-01 08:00:00,Solar/Battery,730
CAPTIVA ENERGY STORAGE,1806,2024-06-01 07:00:00,2028-06-01 07:00:00,Battery,1461
EAST FIELD ENERGY STORAGE,1810,2024-11-30 08:00:00,2030-06-25 07:00:00,Battery,2032
DATELAND ENERGY COMPLEX,1812,2024-12-01 08:00:00,2027-06-01 07:00:00,Solar/Battery,911
SADDLE MOUNTAIN SOLAR,1818,2023-02-10 08:00:00,2025-12-31 08:00:00,Solar,1055
SCAFELL STORAGE,1820,2022-11-15 08:00:00,2029-06-30 07:00:00,Battery,2418
SEGURO STORAGE,1821,2025-10-30 07:00:00,2032-05-14 07:00:00,Battery,2388
VIENTO FRONTERIZO,1824,2024-09-30 07:00:00,2032-08-28 07:00:00,Wind Turbine,2889
TOLENAS,1842,2026-06-01 07:00:00,2031-02-18 08:00:00,Battery,1723
BRUSHY,1843,2026-06-01 07:00:00,2031-02-18 08:00:00,Battery,1723
WILDHORSE ENERGY CENTER,1846,2025-04-01 07:00:00,2030-05-04 07:00:00,Battery,1859
HIGH WINDS STORAGE,1850,2024-03-30 07:00:00,2031-03-16 07:00:00,Battery,2542
CORBY 2,1854,2025-11-30 08:00:00,2031-03-16 07:00:00,Battery,1931
ARGES BESS,1856,2024-06-01 07:00:00,2029-06-18 07:00:00,Battery,1843
MAYACAMAS GEOTHERMAL,1859,2024-02-01 08:00:00,2030-10-19 07:00:00,Geothermal,2451
VERBENA ENERGY STORAGE,1862,2023-12-31 08:00:00,2028-03-01 08:00:00,Battery,1522
TOWNSHIP POWER BANK,1864,2025-04-01 07:00:00,2028-03-01 08:00:00,Battery,1065
SEAHAWK STORAGE,1865,2025-06-01 07:00:00,2029-09-18 07:00:00,Battery,1570
TOKAY STORAGE,1866,2025-06-01 07:00:00,2030-03-18 07:00:00,Battery,1751
STAGELINE ENERGY STORAGE,1871,2024-06-01 07:00:00,2030-11-18 08:00:00,Battery,2361
ALLEGHENY ENERGY STORAGE,1872,2024-08-01 07:00:00,2032-09-20 07:00:00,Battery,2972
DELILAH ENERGY STORAGE,1875,2024-08-01 07:00:00,2032-07-19 07:00:00,Battery,2909
DOUBLE SPRINGS ENERGY STORAGE,1876,2024-11-29 08:00:00,2029-08-17 07:00:00,Battery,1721
PALMETTO ENERGY STORAGE,1880,2024-08-01 07:00:00,2030-07-22 07:00:00,Battery,2181
SPECTRUM ENERGY STORAGE,1881,2024-08-01 07:00:00,2032-02-29 08:00:00,Battery,2768
PRESIDIO,1887,2025-06-01 07:00:00,2030-12-16 08:00:00,Battery/Solar,2024
HOLMAN,1889,2028-04-01 07:00:00,2034-02-17 08:00:00,Battery/Wind Turbine,2148
HARMONY STORAGE 2,1892,2025-10-30 07:00:00,2031-06-05 07:00:00,Battery,2044
OAKDALE STORAGE,1895,2025-10-30 07:00:00,2029-09-18 07:00:00,Battery,1419
PATHFINDER STORAGE,1896,2025-10-30 07:00:00,2031-06-05 07:00:00,Battery,2044
BAYLANDS BATTERY,1900,2025-07-27 07:00:00,2034-05-18 07:00:00,Battery,3217
GOLDEN FLATS,1903,2025-11-30 08:00:00,2031-09-01 07:00:00,Battery,2100
NORTHEAST CENTRAL VALLEY,1904,2025-11-30 08:00:00,2031-02-16 08:00:00,Battery,1904
ZORIN STORAGE,1911,2024-10-31 07:00:00,2034-02-19 08:00:00,Battery,3398
ESPRESSO,1912,2025-11-30 08:00:00,2031-08-18 07:00:00,Battery,2086
BLACK DIAMOND ES2,1914,2024-06-01 07:00:00,2031-06-18 07:00:00,Battery,2573
SHERMAN ENERGY STORAGE,1915,2025-06-01 07:00:00,2031-06-18 07:00:00,Battery,2208
KIFER BESS 1,1918,2023-10-01 07:00:00,2025-12-18 08:00:00,Battery,809
SUNBEAM STORAGE,1919,2024-10-31 07:00:00,2034-02-19 08:00:00,Battery,3398
ZEUS BESS,1920,2024-06-01 07:00:00,2031-06-18 07:00:00,Battery,2573
ALLIUM HYBRID,1921,2025-06-01 07:00:00,2030-12-15 08:00:00,Battery/Solar,2023
ALTA CASA STORAGE,1922,2025-06-01 07:00:00,2031-10-21 07:00:00,Battery,2333
EL REY POWER BANK,1928,2025-04-01 07:00:00,2029-01-02 08:00:00,Battery,1372
APACHE STORAGE,1930,2025-06-01 07:00:00,2029-05-21 07:00:00,Battery,1450
COUGAR STORAGE,1932,2025-06-01 07:00:00,2030-09-19 07:00:00,Battery,1936
PUMA STORAGE,1933,2025-06-01 07:00:00,2030-11-18 08:00:00,Battery,1996
LOTUS SOLAR 2,1934,2024-12-01 08:00:00,2030-11-17 08:00:00,Battery/Solar,2177
ELYSIAN,1935,2024-11-01 07:00:00,2029-10-18 07:00:00,Solar/Battery,1812
WINGTIP SOLAR 1,1943,2027-06-01 07:00:00,2032-09-18 07:00:00,Solar/Battery,1936
DARDEN,1949,2026-12-31 08:00:00,2031-08-19 07:00:00,Battery/Solar,1691
AUSTRALIS,1952,2025-06-01 07:00:00,2031-04-18 07:00:00,Solar/Battery,2147
FLORES STORAGE,1953,2025-10-01 07:00:00,2031-02-18 08:00:00,Battery,1966
HUASO HYBRID,1954,2025-12-01 08:00:00,2026-12-03 08:00:00,Battery/Solar,367
CIERVO MOUNTAIN HYBRID,1955,2025-12-01 08:00:00,2029-08-03 07:00:00,Battery/Solar,1340
CLARKSON,1956,2025-06-01 07:00:00,2029-09-30 07:00:00,Battery/Solar,1582
SPIKES PEAK SOLAR,1958,2025-10-01 07:00:00,2029-10-18 07:00:00,Solar/Battery,1478
CORNUCOPIA HYBRID,1959,2025-06-16 07:00:00,2030-11-16 08:00:00,Battery/Solar,1979
LOCK STORAGE,1962,2025-11-30 08:00:00,2027-12-15 08:00:00,Battery,745
ALMANDE ENERGY STORAGE,1963,2025-06-01 07:00:00,2030-06-18 07:00:00,Battery,1843
ORLEANS,1966,2024-12-31 08:00:00,2029-08-03 07:00:00,Solar/Battery,1675
PLUM,1968,2024-12-10 08:00:00,2031-03-19 07:00:00,Solar/Battery,2289
BUTTERCUP HYBRID SOLAR,1970,2024-11-30 08:00:00,2032-03-04 08:00:00,Solar/Battery,2651
PEACEFUL HOLLOW BESS,1973,2024-06-01 07:00:00,2028-06-18 07:00:00,Battery,1478
TARRAGON HYBRID,1975,2025-06-01 07:00:00,2028-06-01 07:00:00,Solar/Battery,1096
VALETUDO ENERGY STORAGE,1977,2022-12-31 08:00:00,2028-11-01 07:00:00,Battery,2131
ARTEMIS,1980,2024-11-01 07:00:00,2029-10-18 07:00:00,Solar/Battery,1812
PHAENON,1983,2024-12-31 08:00:00,2029-07-18 07:00:00,Solar/Battery,1659
BUTTONBUSH SOLAR 2,1987,2028-04-01 07:00:00,2032-03-17 07:00:00,Solar/Battery,1446
EIGER ENERGY STORAGE,1994,2025-01-01 08:00:00,2032-02-16 08:00:00,Battery,2602
EVEREST ENERGY STORAGE,1995,2025-01-01 08:00:00,2030-10-18 07:00:00,Battery,2115
SERENA STORAGE,2001,2025-10-30 07:00:00,2029-09-18 07:00:00,Battery,1419
VALLEY SUNLIGHT REFINERY,2004,2025-06-10 07:00:00,2032-02-18 08:00:00,Solar/Battery,2444
CHERRY LANE HYBRID,2015,2025-06-01 07:00:00,2031-06-19 07:00:00,Battery/Solar,2209
ARIELLA SOLAR,2017,2023-12-31 08:00:00,2030-12-17 08:00:00,Solar/Battery,2543
HIDDEN KNOLLS BESS,2018,2024-06-01 07:00:00,2028-10-18 07:00:00,Battery,1600
SOCORRO PEAK SOLAR,2022,2025-10-01 07:00:00,2029-03-26 07:00:00,Solar/Battery,1272
JOVE SOLAR,2023,2024-12-31 08:00:00,2030-01-26 08:00:00,Solar/Battery,1852
RANEGRAS PVS,2025,2025-06-01 07:00:00,2029-07-26 07:00:00,Battery/Solar,1516
HARQUAHALA FLATS 2,2027,2025-11-30 08:00:00,2028-04-15 07:00:00,Battery/Solar,866
HARQUAHALA SUNRISE 2,2029,2024-11-01 07:00:00,2026-09-01 07:00:00,Solar/Battery,669
MARLEY,2031,2024-11-01 07:00:00,2032-06-26 07:00:00,Battery,2794
TROLLEY,2032,2024-06-30 07:00:00,2031-02-26 08:00:00,Battery,2432
CARMINE,2033,2024-11-01 07:00:00,2031-05-01 07:00:00,Battery,2372
HUB CITY ENERGY STORAGE,2034,2025-06-01 07:00:00,2031-01-01 08:00:00,Battery,2040
REDONDA,2036,2024-12-01 08:00:00,2031-01-01 08:00:00,Solar/Battery,2222
SARGASSO STORAGE,2037,2024-12-15 08:00:00,2032-05-26 07:00:00,Battery,2718
SANDRIFT STORAGE 1,2039,2023-12-31 08:00:00,2030-12-26 08:00:00,Battery,2552
SANDRIFT STORAGE 2,2041,2023-12-31 08:00:00,2031-03-01 08:00:00,Battery,2617
EASLEY,2042,2024-12-31 08:00:00,2028-03-06 08:00:00,Battery/Solar,1161
PICADOR ENERGY STORAGE,2043,2024-08-01 07:00:00,2032-05-26 07:00:00,Battery,2855
INVICTUS,2045,2025-12-15 08:00:00,2029-11-26 08:00:00,Battery/Solar,1442
TWIN PALMS SOLAR,2048,2025-10-30 07:00:00,2030-07-06 07:00:00,Battery/Solar,1710
ARDILLA,2049,2025-11-30 08:00:00,2032-04-26 07:00:00,Battery,2338
SALVADOR,2051,2025-12-15 08:00:00,2030-12-26 08:00:00,Solar/Battery,1837
BOUSE SOLAR AND STORAGE PLANT,2052,2026-02-05 08:00:00,2033-12-26 08:00:00,Solar/Battery,2881
EUISMOD,2055,2024-06-30 07:00:00,2028-06-01 07:00:00,Solar/Battery,1432
J90 ENERGY STORAGE,2059,2025-06-01 07:00:00,2033-06-01 07:00:00,Battery,2922
SAGEBRUSH ENERGY STORAGE,2060,2025-07-01 07:00:00,2033-02-26 08:00:00,Battery,2797
JUNIPER STORAGE,2061,2024-06-30 07:00:00,2033-02-26 08:00:00,Solar/Battery,3163
DORIAN STORAGE,2062,2025-10-01 07:00:00,2034-08-26 07:00:00,Battery,3251
ELION ENERGY STORAGE,2064,2024-08-01 07:00:00,2034-05-26 07:00:00,Battery,3585
DRIFTER ENERGY STORAGE,2066,2024-08-01 07:00:00,2033-03-26 07:00:00,Battery,3159
BOBOR STORAGE,2068,2025-12-15 08:00:00,2030-12-26 08:00:00,Battery,1837
SOLEIL CANTIL,2078,2024-06-01 07:00:00,2033-02-26 08:00:00,Solar/Battery,3192
MINERAL KING SOLAR,2081,2026-12-31 08:00:00,2029-09-26 07:00:00,Solar/Battery,999
ELECTRON,2082,2024-06-01 07:00:00,2033-01-26 08:00:00,Battery,3161
SOLSKEN,2085,2024-04-15 07:00:00,2033-02-26 08:00:00,Battery/Solar,3239
GREASEWOOD ENERGY STORAGE,2089,2025-06-01 07:00:00,2033-02-26 08:00:00,Battery,2827
GWENT STORAGE 2,2090,2023-12-15 08:00:00,2033-01-26 08:00:00,Battery,3330
MAATHAI,2091,2023-12-15 08:00:00,2033-01-26 08:00:00,Battery,3330
ROSA STORAGE,2092,2025-06-01 07:00:00,2034-06-27 07:00:00,Battery,3313
HIDALGO ENERGY STORAGE,2096,2024-06-01 07:00:00,2033-09-26 07:00:00,Battery,3404
SIENNA SOLAR 2,2097,2025-12-01 08:00:00,2029-03-26 07:00:00,Solar/Battery,1210
WESTON STORAGE,2101,2025-10-01 07:00:00,2031-03-26 07:00:00,Battery,2002
CADY SOLAR,2103,2025-11-30 08:00:00,2031-02-26 08:00:00,Solar/Battery,1914
DOS PALMAS,2104,2025-11-30 08:00:00,2031-04-26 07:00:00,Battery,1972
ADAGIO,2109,2024-06-30 07:00:00,2032-04-28 07:00:00,Battery,2859
FLEETWOOD,2111,2024-06-30 07:00:00,2032-04-28 07:00:00,Battery,2859
GABRIEL STORAGE,2113,2024-06-30 07:00:00,2033-05-15 07:00:00,Battery,3241
DIRAC,2114,2024-06-30 07:00:00,2031-02-26 08:00:00,Battery,2432
SIMON,2115,2024-06-30 07:00:00,2032-04-26 07:00:00,Battery,2857
MARICI,2116,2024-06-30 07:00:00,2031-02-26 08:00:00,Battery,2432
CORAL REEF,2117,2024-06-30 07:00:00,2032-04-26 07:00:00,Battery,2857
GREENWOOD ENERGY STORAGE,2121,2024-08-01 07:00:00,2032-05-26 07:00:00,Battery,2855
TABLA ENERGY STORAGE,2124,2024-08-01 07:00:00,2032-05-26 07:00:00,Battery,2855
TYRELL ENERGY STORAGE,2125,2024-08-01 07:00:00,2032-05-26 07:00:00,Battery,2855
LOS NIETOS,2129,2024-11-01 07:00:00,2031-04-26 07:00:00,Battery,2367
MERLIN STORAGE,2131,2023-06-01 07:00:00,2032-05-26 07:00:00,Battery,3282
HAVEN STORAGE,2136,2025-11-30 08:00:00,2031-02-26 08:00:00,Battery,1914
COMMERCE ENERGY STORAGE 3,2139,2025-06-01 07:00:00,2031-02-26 08:00:00,Battery,2096
STERLING,2140,2024-12-01 08:00:00,2031-05-26 07:00:00,Battery/Solar,2366
DELAMAR ENERGY STORAGE 2,2141,2025-06-01 07:00:00,2027-06-26 07:00:00,Battery,755
SILVER STAR SOLAR,2142,2028-03-31 07:00:00,2028-12-01 08:00:00,Battery/Solar,245
ROCK VALLEY ENERGY CENTER,2144,2025-11-30 08:00:00,2029-03-15 07:00:00,Battery/Solar,1200
DANDELION HYBRID SOLAR,2145,2024-11-30 08:00:00,2027-12-26 08:00:00,Solar/Battery,1121
WATER ROCK SOLAR 2,2146,2028-03-31 07:00:00,2028-12-01 08:00:00,Battery/Solar,245
KAWICH,2147,2025-06-01 07:00:00,2029-07-27 07:00:00,Solar/Battery,1517
MOSEY,2148,2025-06-01 07:00:00,2029-06-27 07:00:00,Battery/Solar,1487
SUNBAKED SOLAR,2149,2025-11-30 08:00:00,2029-02-26 08:00:00,Battery/Solar,1184
LARREA SOLAR,2150,2024-09-01 07:00:00,2028-09-15 07:00:00,Solar/Battery,1475
FRIGATEBIRD STORAGE,2153,2023-06-30 07:00:00,2035-03-05 08:00:00,Battery,4266
REMY,2154,2025-12-01 08:00:00,2029-06-30 07:00:00,Battery/Solar,1306
GNARLY OSAGE,2157,2024-06-30 07:00:00,2027-08-07 07:00:00,Battery,1133
ALISA SOLAR ENERGY COMPLEX,2161,2024-06-01 07:00:00,2028-06-01 07:00:00,Solar/Battery,1461
SOLAR DE MEXICALI,2162,2027-12-31 08:00:00,2030-03-16 07:00:00,Solar/Battery,805
UMBRIEL,2166,2026-12-31 08:00:00,2035-06-05 07:00:00,Battery/Solar,3077
HAMMERHEAD STORAGE,2167,2024-12-15 08:00:00,2030-05-05 07:00:00,Battery,1966
DESERT JEWEL STORAGE,2173,2025-10-30 07:00:00,2029-02-05 08:00:00,Battery,1194
YUHA DESERT BATTERY STORAGE,2176,2024-12-31 08:00:00,2031-11-05 08:00:00,Battery,2500
BOULDER BRUSH HYBRID,2177,2025-06-01 07:00:00,2031-02-05 08:00:00,Wind Turbine/Battery,2075
BELL BLUFF STORAGE,2178,2025-11-30 08:00:00,2035-03-05 08:00:00,Battery,3382
CARGO STORAGE,2180,2025-03-31 07:00:00,2036-05-05 07:00:00,Battery,4053
GATEWAY ENERGY STORAGE 2,2185,2024-06-01 07:00:00,2035-02-05 08:00:00,Battery,3901
SANDBAR ENERGY STORAGE,2186,2025-06-01 07:00:00,2030-02-05 08:00:00,Battery,1710
GERANIUM ENERGY STORAGE,2188,2023-12-31 08:00:00,2029-02-05 08:00:00,Battery,1863
PAJARO VALLEY STORAGE,2192,2024-09-01 07:00:00,2030-03-05 08:00:00,Battery,2011
